{"cameraMode":{"drawMode":0,"name":"Shaded","section":"Shading Mode"},"sceneLighting":true,"audioPlay":false,"sceneViewState":{"showFog":true,"showMaterialUpdate":false,"showSkybox":true,"showFlares":true,"showImageEffects":true,"showParticleSystems":true},"in2DMode":false,"pivot":{"x":-7.655887603759766,"y":13.595523834228516,"z":7.035430908203125},"rotation":{"x":-0.20001164078712464,"y":-0.3378521502017975,"z":0.07370895147323609,"w":-0.9167433381080627},"size":38.41189956665039,"orthographic":false}