{"cameraMode":{"drawMode":0,"name":"Shaded","section":"Shading Mode"},"sceneLighting":true,"audioPlay":false,"sceneViewState":{"showFog":true,"showMaterialUpdate":false,"showSkybox":true,"showFlares":true,"showImageEffects":true,"showParticleSystems":true},"in2DMode":false,"pivot":{"x":-118.5526351928711,"y":58.03395462036133,"z":-30.922182083129884},"rotation":{"x":-0.18044088780879975,"y":-0.6769675016403198,"z":0.17669208347797395,"w":-0.6913292407989502},"size":500.1510009765625,"orthographic":false}