{"cameraMode":{"drawMode":0,"name":"Shaded","section":"Shading Mode"},"sceneLighting":false,"audioPlay":false,"sceneViewState":{"showFog":true,"showMaterialUpdate":false,"showSkybox":false,"showFlares":true,"showImageEffects":true,"showParticleSystems":true},"in2DMode":false,"pivot":{"x":-0.22232696413993836,"y":0.692531406879425,"z":-8.58465576171875},"rotation":{"x":-0.054273273795843127,"y":-0.018873754888772966,"z":0.001026078825816512,"w":-0.9983472228050232},"size":8.563486099243164,"orthographic":false}