{"cameraMode":{"drawMode":0,"name":"Shaded","section":"Shading Mode"},"sceneLighting":false,"audioPlay":false,"sceneViewState":{"showFog":true,"showMaterialUpdate":false,"showSkybox":false,"showFlares":true,"showImageEffects":true,"showParticleSystems":true},"in2DMode":false,"pivot":{"x":-7.059991359710693,"y":47.677494049072269,"z":-0.8746682405471802},"rotation":{"x":-0.06724987179040909,"y":-0.12181725353002548,"z":0.008280619978904724,"w":-0.9902371168136597},"size":1.1507325172424317,"orthographic":false}