{"cameraMode":{"drawMode":0,"name":"Shaded","section":"Shading Mode"},"sceneLighting":true,"audioPlay":false,"sceneViewState":{"showFog":true,"showMaterialUpdate":false,"showSkybox":true,"showFlares":true,"showImageEffects":true,"showParticleSystems":true},"in2DMode":false,"pivot":{"x":8.488265991210938,"y":40.3680419921875,"z":24.788902282714845},"rotation":{"x":-0.054273273795843127,"y":-0.018873754888772966,"z":0.001026078825816512,"w":-0.9983472228050232},"size":127.68470764160156,"orthographic":false}