{"cameraMode":{"drawMode":0,"name":"Shaded","section":"Shading Mode"},"sceneLighting":false,"audioPlay":false,"sceneViewState":{"showFog":true,"showMaterialUpdate":false,"showSkybox":false,"showFlares":true,"showImageEffects":true,"showParticleSystems":true},"in2DMode":false,"pivot":{"x":-1.8207221031188965,"y":-0.08978700637817383,"z":0.0},"rotation":{"x":-0.0754644125699997,"y":-0.18086084723472596,"z":0.01390697993338108,"w":-0.9805105924606323},"size":17.398696899414064,"orthographic":false}